case_id,side_mapping_corrected,destination_file,source_file
600001,False,600001-LeftHipBone.stl,600001-LeftHipBone.stl
600001,False,600001-RightHipBone.stl,600001-RightHipBone.stl
600001,False,600001-Sacrum.stl,600001-Sacrum.stl
600002,False,600002-LeftHipBone.stl,600002-LeftHipBone.stl
600002,False,600002-RightHipBone.stl,600002-RightHipBone.stl
600002,False,600002-Sacrum.stl,600002-Sacrum.stl
600003,False,600003-LeftHipBone.stl,600003-LeftHipBone.stl
600003,False,600003-RightHipBone.stl,600003-RightHipBone.stl
600003,False,600003-Sacrum.stl,600003-Sacrum.stl
600004,False,600004-LeftHipBone.stl,600004-LeftHipBone.stl
600004,False,600004-RightHipBone.stl,600004-RightHipBone.stl
600004,False,600004-Sacrum.stl,600004-Sacrum.stl
600005,False,600005-LeftHipBone.stl,600005-LeftHipBone.stl
600005,False,600005-RightHipBone.stl,600005-RightHipBone.stl
600005,False,600005-Sacrum.stl,600005-Sacrum.stl
600006,False,600006-LeftHipBone.stl,600006-LeftHipBone.stl
600006,False,600006-RightHipBone.stl,600006-RightHipBone.stl
600006,False,600006-Sacrum.stl,600006-Sacrum.stl
600007,False,600007-LeftHipBone.stl,600007-LeftHipBone.stl
600007,False,600007-RightHipBone.stl,600007-RightHipBone.stl
600007,False,600007-Sacrum.stl,600007-Sacrum.stl
600008,True,600008-LeftHipBone.stl,600008-RightHipBone.stl
600008,True,600008-RightHipBone.stl,600008-LeftHipBone.stl
600008,True,600008-Sacrum.stl,600008-Sacrum.stl
600021,False,600021-LeftHipBone.stl,600021-LeftHipBone.stl
600021,False,600021-RightHipBone.stl,600021-RightHipBone.stl
600021,False,600021-Sacrum.stl,600021-Sacrum.stl
600024,False,600024-LeftHipBone.stl,600024-LeftHipBone.stl
600024,False,600024-RightHipBone.stl,600024-RightHipBone.stl
600024,False,600024-Sacrum.stl,600024-Sacrum.stl
600025,False,600025-LeftHipBone.stl,600025-LeftHipBone.stl
600025,False,600025-RightHipBone.stl,600025-RightHipBone.stl
600025,False,600025-Sacrum.stl,600025-Sacrum.stl
600026,False,600026-LeftHipBone.stl,600026-LeftHipBone.stl
600026,False,600026-RightHipBone.stl,600026-RightHipBone.stl
600026,False,600026-Sacrum.stl,600026-Sacrum.stl
600027,True,600027-LeftHipBone.stl,600027-RightHipBone.stl
600027,True,600027-RightHipBone.stl,600027-LeftHipBone.stl
600027,True,600027-Sacrum.stl,600027-Sacrum.stl
600028,False,600028-LeftHipBone.stl,600028-LeftHipBone.stl
600028,False,600028-RightHipBone.stl,600028-RightHipBone.stl
600028,False,600028-Sacrum.stl,600028-Sacrum.stl
600029,True,600029-LeftHipBone.stl,600029-RightHipBone.stl
600029,True,600029-RightHipBone.stl,600029-LeftHipBone.stl
600029,True,600029-Sacrum.stl,600029-Sacrum.stl
600030,True,600030-LeftHipBone.stl,600030-RightHipBone.stl
600030,True,600030-RightHipBone.stl,600030-LeftHipBone.stl
600030,True,600030-Sacrum.stl,600030-Sacrum.stl
600031,True,600031-LeftHipBone.stl,600031-RightHipBone.stl
600031,True,600031-RightHipBone.stl,600031-LeftHipBone.stl
600031,True,600031-Sacrum.stl,600031-Sacrum.stl
600032,True,600032-LeftHipBone.stl,600032-RightHipBone.stl
600032,True,600032-RightHipBone.stl,600032-LeftHipBone.stl
600032,True,600032-Sacrum.stl,600032-Sacrum.stl
600033,True,600033-LeftHipBone.stl,600033-RightHipBone.stl
600033,True,600033-RightHipBone.stl,600033-LeftHipBone.stl
600033,True,600033-Sacrum.stl,600033-Sacrum.stl
600034,True,600034-LeftHipBone.stl,600034-RightHipBone.stl
600034,True,600034-RightHipBone.stl,600034-LeftHipBone.stl
600034,True,600034-Sacrum.stl,600034-Sacrum.stl
600036,False,600036-LeftHipBone.stl,600036-LeftHipBone.stl
600036,False,600036-RightHipBone.stl,600036-RightHipBone.stl
600036,False,600036-Sacrum.stl,600036-Sacrum.stl
600037,True,600037-LeftHipBone.stl,600037-RightHipBone.stl
600037,True,600037-RightHipBone.stl,600037-LeftHipBone.stl
600037,True,600037-Sacrum.stl,600037-Sacrum.stl
600038,True,600038-LeftHipBone.stl,600038-RightHipBone.stl
600038,True,600038-RightHipBone.stl,600038-LeftHipBone.stl
600038,True,600038-Sacrum.stl,600038-Sacrum.stl
600039,False,600039-LeftHipBone.stl,600039-LeftHipBone.stl
600039,False,600039-RightHipBone.stl,600039-RightHipBone.stl
600039,False,600039-Sacrum.stl,600039-Sacrum.stl
600040,False,600040-LeftHipBone.stl,600040-LeftHipBone.stl
600040,False,600040-RightHipBone.stl,600040-RightHipBone.stl
600040,False,600040-Sacrum.stl,600040-Sacrum.stl
600041,False,600041-LeftHipBone.stl,600041-LeftHipBone.stl
600041,False,600041-RightHipBone.stl,600041-RightHipBone.stl
600041,False,600041-Sacrum.stl,600041-Sacrum.stl
600042,True,600042-LeftHipBone.stl,600042-RightHipBone.stl
600042,True,600042-RightHipBone.stl,600042-LeftHipBone.stl
600042,True,600042-Sacrum.stl,600042-Sacrum.stl
600043,False,600043-LeftHipBone.stl,600043-LeftHipBone.stl
600043,False,600043-RightHipBone.stl,600043-RightHipBone.stl
600043,False,600043-Sacrum.stl,600043-Sacrum.stl
600044,False,600044-LeftHipBone.stl,600044-LeftHipBone.stl
600044,False,600044-RightHipBone.stl,600044-RightHipBone.stl
600044,False,600044-Sacrum.stl,600044-Sacrum.stl
600045,False,600045-LeftHipBone.stl,600045-LeftHipBone.stl
600045,False,600045-RightHipBone.stl,600045-RightHipBone.stl
600045,False,600045-Sacrum.stl,600045-Sacrum.stl
600046,True,600046-LeftHipBone.stl,600046-RightHipBone.stl
600046,True,600046-RightHipBone.stl,600046-LeftHipBone.stl
600046,True,600046-Sacrum.stl,600046-Sacrum.stl
600047,False,600047-LeftHipBone.stl,600047-LeftHipBone.stl
600047,False,600047-RightHipBone.stl,600047-RightHipBone.stl
600047,False,600047-Sacrum.stl,600047-Sacrum.stl
600048,True,600048-LeftHipBone.stl,600048-RightHipBone.stl
600048,True,600048-RightHipBone.stl,600048-LeftHipBone.stl
600048,True,600048-Sacrum.stl,600048-Sacrum.stl
600049,False,600049-LeftHipBone.stl,600049-LeftHipBone.stl
600049,False,600049-RightHipBone.stl,600049-RightHipBone.stl
600049,False,600049-Sacrum.stl,600049-Sacrum.stl
600050,True,600050-LeftHipBone.stl,600050-RightHipBone.stl
600050,True,600050-RightHipBone.stl,600050-LeftHipBone.stl
600050,True,600050-Sacrum.stl,600050-Sacrum.stl
600051,False,600051-LeftHipBone.stl,600051-LeftHipBone.stl
600051,False,600051-RightHipBone.stl,600051-RightHipBone.stl
600051,False,600051-Sacrum.stl,600051-Sacrum.stl
600052,False,600052-LeftHipBone.stl,600052-LeftHipBone.stl
600052,False,600052-RightHipBone.stl,600052-RightHipBone.stl
600052,False,600052-Sacrum.stl,600052-Sacrum.stl
600053,True,600053-LeftHipBone.stl,600053-RightHipBone.stl
600053,True,600053-RightHipBone.stl,600053-LeftHipBone.stl
600053,True,600053-Sacrum.stl,600053-Sacrum.stl
600054,True,600054-LeftHipBone.stl,600054-RightHipBone.stl
600054,True,600054-RightHipBone.stl,600054-LeftHipBone.stl
600054,True,600054-Sacrum.stl,600054-Sacrum.stl
600056,False,600056-LeftHipBone.stl,600056-LeftHipBone.stl
600056,False,600056-RightHipBone.stl,600056-RightHipBone.stl
600056,False,600056-Sacrum.stl,600056-Sacrum.stl
600058,False,600058-LeftHipBone.stl,600058-LeftHipBone.stl
600058,False,600058-RightHipBone.stl,600058-RightHipBone.stl
600058,False,600058-Sacrum.stl,600058-Sacrum.stl
600059,True,600059-LeftHipBone.stl,600059-RightHipBone.stl
600059,True,600059-RightHipBone.stl,600059-LeftHipBone.stl
600059,True,600059-Sacrum.stl,600059-Sacrum.stl
600060,True,600060-LeftHipBone.stl,600060-RightHipBone.stl
600060,True,600060-RightHipBone.stl,600060-LeftHipBone.stl
600060,True,600060-Sacrum.stl,600060-Sacrum.stl
600061,False,600061-LeftHipBone.stl,600061-LeftHipBone.stl
600061,False,600061-RightHipBone.stl,600061-RightHipBone.stl
600061,False,600061-Sacrum.stl,600061-Sacrum.stl
600062,False,600062-LeftHipBone.stl,600062-LeftHipBone.stl
600062,False,600062-RightHipBone.stl,600062-RightHipBone.stl
600062,False,600062-Sacrum.stl,600062-Sacrum.stl
600065,False,600065-LeftHipBone.stl,600065-LeftHipBone.stl
600065,False,600065-RightHipBone.stl,600065-RightHipBone.stl
600065,False,600065-Sacrum.stl,600065-Sacrum.stl
600066,True,600066-LeftHipBone.stl,600066-RightHipBone.stl
600066,True,600066-RightHipBone.stl,600066-LeftHipBone.stl
600066,True,600066-Sacrum.stl,600066-Sacrum.stl
600067,True,600067-LeftHipBone.stl,600067-RightHipBone.stl
600067,True,600067-RightHipBone.stl,600067-LeftHipBone.stl
600067,True,600067-Sacrum.stl,600067-Sacrum.stl
600068,True,600068-LeftHipBone.stl,600068-RightHipBone.stl
600068,True,600068-RightHipBone.stl,600068-LeftHipBone.stl
600068,True,600068-Sacrum.stl,600068-Sacrum.stl
600069,False,600069-LeftHipBone.stl,600069-LeftHipBone.stl
600069,False,600069-RightHipBone.stl,600069-RightHipBone.stl
600069,False,600069-Sacrum.stl,600069-Sacrum.stl
600070,True,600070-LeftHipBone.stl,600070-RightHipBone.stl
600070,True,600070-RightHipBone.stl,600070-LeftHipBone.stl
600070,True,600070-Sacrum.stl,600070-Sacrum.stl
600071,False,600071-LeftHipBone.stl,600071-LeftHipBone.stl
600071,False,600071-RightHipBone.stl,600071-RightHipBone.stl
600071,False,600071-Sacrum.stl,600071-Sacrum.stl
600072,False,600072-LeftHipBone.stl,600072-LeftHipBone.stl
600072,False,600072-RightHipBone.stl,600072-RightHipBone.stl
600072,False,600072-Sacrum.stl,600072-Sacrum.stl
600073,False,600073-LeftHipBone.stl,600073-LeftHipBone.stl
600073,False,600073-RightHipBone.stl,600073-RightHipBone.stl
600073,False,600073-Sacrum.stl,600073-Sacrum.stl
600074,False,600074-LeftHipBone.stl,600074-LeftHipBone.stl
600074,False,600074-RightHipBone.stl,600074-RightHipBone.stl
600074,False,600074-Sacrum.stl,600074-Sacrum.stl
600076,False,600076-LeftHipBone.stl,600076-LeftHipBone.stl
600076,False,600076-RightHipBone.stl,600076-RightHipBone.stl
600076,False,600076-Sacrum.stl,600076-Sacrum.stl
600077,True,600077-LeftHipBone.stl,600077-RightHipBone.stl
600077,True,600077-RightHipBone.stl,600077-LeftHipBone.stl
600077,True,600077-Sacrum.stl,600077-Sacrum.stl
600079,False,600079-LeftHipBone.stl,600079-LeftHipBone.stl
600079,False,600079-RightHipBone.stl,600079-RightHipBone.stl
600079,False,600079-Sacrum.stl,600079-Sacrum.stl
600080,True,600080-LeftHipBone.stl,600080-RightHipBone.stl
600080,True,600080-RightHipBone.stl,600080-LeftHipBone.stl
600080,True,600080-Sacrum.stl,600080-Sacrum.stl
600081,False,600081-LeftHipBone.stl,600081-LeftHipBone.stl
600081,False,600081-RightHipBone.stl,600081-RightHipBone.stl
600081,False,600081-Sacrum.stl,600081-Sacrum.stl
600083,False,600083-LeftHipBone.stl,600083-LeftHipBone.stl
600083,False,600083-RightHipBone.stl,600083-RightHipBone.stl
600083,False,600083-Sacrum.stl,600083-Sacrum.stl
600085,True,600085-LeftHipBone.stl,600085-RightHipBone.stl
600085,True,600085-RightHipBone.stl,600085-LeftHipBone.stl
600085,True,600085-Sacrum.stl,600085-Sacrum.stl
600086,True,600086-LeftHipBone.stl,600086-RightHipBone.stl
600086,True,600086-RightHipBone.stl,600086-LeftHipBone.stl
600086,True,600086-Sacrum.stl,600086-Sacrum.stl
600087,True,600087-LeftHipBone.stl,600087-RightHipBone.stl
600087,True,600087-RightHipBone.stl,600087-LeftHipBone.stl
600087,True,600087-Sacrum.stl,600087-Sacrum.stl
600088,True,600088-LeftHipBone.stl,600088-RightHipBone.stl
600088,True,600088-RightHipBone.stl,600088-LeftHipBone.stl
600088,True,600088-Sacrum.stl,600088-Sacrum.stl
600089,False,600089-LeftHipBone.stl,600089-LeftHipBone.stl
600089,False,600089-RightHipBone.stl,600089-RightHipBone.stl
600089,False,600089-Sacrum.stl,600089-Sacrum.stl
600090,False,600090-LeftHipBone.stl,600090-LeftHipBone.stl
600090,False,600090-RightHipBone.stl,600090-RightHipBone.stl
600090,False,600090-Sacrum.stl,600090-Sacrum.stl
600091,False,600091-LeftHipBone.stl,600091-LeftHipBone.stl
600091,False,600091-RightHipBone.stl,600091-RightHipBone.stl
600091,False,600091-Sacrum.stl,600091-Sacrum.stl
600092,False,600092-LeftHipBone.stl,600092-LeftHipBone.stl
600092,False,600092-RightHipBone.stl,600092-RightHipBone.stl
600092,False,600092-Sacrum.stl,600092-Sacrum.stl
600093,True,600093-LeftHipBone.stl,600093-RightHipBone.stl
600093,True,600093-RightHipBone.stl,600093-LeftHipBone.stl
600093,True,600093-Sacrum.stl,600093-Sacrum.stl
600096,True,600096-LeftHipBone.stl,600096-RightHipBone.stl
600096,True,600096-RightHipBone.stl,600096-LeftHipBone.stl
600096,True,600096-Sacrum.stl,600096-Sacrum.stl
600097,True,600097-LeftHipBone.stl,600097-RightHipBone.stl
600097,True,600097-RightHipBone.stl,600097-LeftHipBone.stl
600097,True,600097-Sacrum.stl,600097-Sacrum.stl
600098,False,600098-LeftHipBone.stl,600098-LeftHipBone.stl
600098,False,600098-RightHipBone.stl,600098-RightHipBone.stl
600098,False,600098-Sacrum.stl,600098-Sacrum.stl
600099,True,600099-LeftHipBone.stl,600099-RightHipBone.stl
600099,True,600099-RightHipBone.stl,600099-LeftHipBone.stl
600099,True,600099-Sacrum.stl,600099-Sacrum.stl
600100,True,600100-LeftHipBone.stl,600100-RightHipBone.stl
600100,True,600100-RightHipBone.stl,600100-LeftHipBone.stl
600100,True,600100-Sacrum.stl,600100-Sacrum.stl
600101,False,600101-LeftHipBone.stl,600101-LeftHipBone.stl
600101,False,600101-RightHipBone.stl,600101-RightHipBone.stl
600101,False,600101-Sacrum.stl,600101-Sacrum.stl
600102,True,600102-LeftHipBone.stl,600102-RightHipBone.stl
600102,True,600102-RightHipBone.stl,600102-LeftHipBone.stl
600102,True,600102-Sacrum.stl,600102-Sacrum.stl
600103,True,600103-LeftHipBone.stl,600103-RightHipBone.stl
600103,True,600103-RightHipBone.stl,600103-LeftHipBone.stl
600103,True,600103-Sacrum.stl,600103-Sacrum.stl
600104,False,600104-LeftHipBone.stl,600104-LeftHipBone.stl
600104,False,600104-RightHipBone.stl,600104-RightHipBone.stl
600104,False,600104-Sacrum.stl,600104-Sacrum.stl
600105,True,600105-LeftHipBone.stl,600105-RightHipBone.stl
600105,True,600105-RightHipBone.stl,600105-LeftHipBone.stl
600105,True,600105-Sacrum.stl,600105-Sacrum.stl
600107,False,600107-LeftHipBone.stl,600107-LeftHipBone.stl
600107,False,600107-RightHipBone.stl,600107-RightHipBone.stl
600107,False,600107-Sacrum.stl,600107-Sacrum.stl
600108,True,600108-LeftHipBone.stl,600108-RightHipBone.stl
600108,True,600108-RightHipBone.stl,600108-LeftHipBone.stl
600108,True,600108-Sacrum.stl,600108-Sacrum.stl
600109,False,600109-LeftHipBone.stl,600109-LeftHipBone.stl
600109,False,600109-RightHipBone.stl,600109-RightHipBone.stl
600109,False,600109-Sacrum.stl,600109-Sacrum.stl
600110,False,600110-LeftHipBone.stl,600110-LeftHipBone.stl
600110,False,600110-RightHipBone.stl,600110-RightHipBone.stl
600110,False,600110-Sacrum.stl,600110-Sacrum.stl
600111,True,600111-LeftHipBone.stl,600111-RightHipBone.stl
600111,True,600111-RightHipBone.stl,600111-LeftHipBone.stl
600111,True,600111-Sacrum.stl,600111-Sacrum.stl
600112,False,600112-LeftHipBone.stl,600112-LeftHipBone.stl
600112,False,600112-RightHipBone.stl,600112-RightHipBone.stl
600112,False,600112-Sacrum.stl,600112-Sacrum.stl
600114,True,600114-LeftHipBone.stl,600114-RightHipBone.stl
600114,True,600114-RightHipBone.stl,600114-LeftHipBone.stl
600114,True,600114-Sacrum.stl,600114-Sacrum.stl
600115,True,600115-LeftHipBone.stl,600115-RightHipBone.stl
600115,True,600115-RightHipBone.stl,600115-LeftHipBone.stl
600115,True,600115-Sacrum.stl,600115-Sacrum.stl
600116,True,600116-LeftHipBone.stl,600116-RightHipBone.stl
600116,True,600116-RightHipBone.stl,600116-LeftHipBone.stl
600116,True,600116-Sacrum.stl,600116-Sacrum.stl
600119,False,600119-LeftHipBone.stl,600119-LeftHipBone.stl
600119,False,600119-RightHipBone.stl,600119-RightHipBone.stl
600119,False,600119-Sacrum.stl,600119-Sacrum.stl
600120,True,600120-LeftHipBone.stl,600120-RightHipBone.stl
600120,True,600120-RightHipBone.stl,600120-LeftHipBone.stl
600120,True,600120-Sacrum.stl,600120-Sacrum.stl
600121,False,600121-LeftHipBone.stl,600121-LeftHipBone.stl
600121,False,600121-RightHipBone.stl,600121-RightHipBone.stl
600121,False,600121-Sacrum.stl,600121-Sacrum.stl
600122,False,600122-LeftHipBone.stl,600122-LeftHipBone.stl
600122,False,600122-RightHipBone.stl,600122-RightHipBone.stl
600122,False,600122-Sacrum.stl,600122-Sacrum.stl
600123,True,600123-LeftHipBone.stl,600123-RightHipBone.stl
600123,True,600123-RightHipBone.stl,600123-LeftHipBone.stl
600123,True,600123-Sacrum.stl,600123-Sacrum.stl
600124,True,600124-LeftHipBone.stl,600124-RightHipBone.stl
600124,True,600124-RightHipBone.stl,600124-LeftHipBone.stl
600124,True,600124-Sacrum.stl,600124-Sacrum.stl
600125,False,600125-LeftHipBone.stl,600125-LeftHipBone.stl
600125,False,600125-RightHipBone.stl,600125-RightHipBone.stl
600125,False,600125-Sacrum.stl,600125-Sacrum.stl
600127,False,600127-LeftHipBone.stl,600127-LeftHipBone.stl
600127,False,600127-RightHipBone.stl,600127-RightHipBone.stl
600127,False,600127-Sacrum.stl,600127-Sacrum.stl
600128,True,600128-LeftHipBone.stl,600128-RightHipBone.stl
600128,True,600128-RightHipBone.stl,600128-LeftHipBone.stl
600128,True,600128-Sacrum.stl,600128-Sacrum.stl
600129,False,600129-LeftHipBone.stl,600129-LeftHipBone.stl
600129,False,600129-RightHipBone.stl,600129-RightHipBone.stl
600129,False,600129-Sacrum.stl,600129-Sacrum.stl
